Well,Campaign,Pad,No. of Stages fracked,100 mesh,40-70,20-40,16-30,Total Proppant,Total Clean Volume,Total Slurry Volume,Total Net Pay covered (m),Total Kh covered (mDM),Total Net Pay covered (exc deferred stages) (m),Total Kh covered (excluding deferred stages) (m),Top of Topmost clstr (mMD),Bot of Botmost clstr (mMD),Top of Topmost clstr (mTVD),Bot of Botmost clstr (mTVD),Top of Topmost clstr (mTVDSS),Bot of Botmost clstr (mTVDSS),Water (Bpd),Oil (Bpd),Gas (MSCFD),FBHP at topmost perf,FBHP at topmost perf2,Reservoir Press at top perf,Drawdown (psi),Gas PI (MSCFD/psi),Remarks,Water_2 (Bpd),Oil_2 (Bpd),Gas_2 (MSCFD),FBHP at topmost perf_2,Reservoir Press at top perf_2,Drawdown_2 (psi),Gas PI_2 (MSCFD/psi),Water_3 (Bpd),Oil_3 (Bpd),Gas_3 (MSCFD),FBHP at topmost perf_3,Reservoir Press at top perf_3,Drawdown_3 (psi),Gas PI_3 (MSCFD/psi)
Raag-20,5-W,5,5,"48,199",0,"822,454","261,418","1,131,861","11,424","12,432",142.7,61.4,142.7,61.4,2977,3459,2833.8,3298.2,2769.4,3228.1,0,205.9,3640,3899,4153,5084,1185,3.1,,47.2,504.7,5168,3024,5084,2060,2.5,0,0,0,#DIV/0!,5084,#DIV/0!,#DIV/0!
Raag-21,15-W,5,5,"50,586",0,"1,001,889","301,150","1,349,831","10,452","11,742",126.1,54.2,126.1,54.2,2977.5,3361,2873.8,3243,2809.4,3177.6,4.7,375.3,5683,3182,3415,5100,1918,3,,80,284.4,4954,3381,5100,1718,2.9,13.7,50.4,1511,596,5100,4504,0.3
Raag-22,15-W,5,7,"64,206",0,"1,038,135","438,329","1,521,206","12,636","14,000",245.9,86.5,245.9,86.5,2832.4,3326.2,2813.5,3304.7,2749.1,3239.1,151.9,213.9,8860,4022,#DIV/0!,5075,1053,8.4,,23.6,319.1,5465,3762,5075,1314,4.2,0,0,0,762,5075,4314,0
Raag-23,15-W,1,5,"23,625",0,"723,895","187,409","932,799","9,725","10,712",143.6,25.7,143.6,25.7,2992.2,3336,2932.3,3270.5,2872.5,3209.7,345.9,419.4,5167,3814,4161,5123,1309,3.9,,28.4,369.5,5727,3879,5123,1244,4.6,0,0,0,#DIV/0!,5123,#DIV/0!,#DIV/0!
Raag-24,5-W,1,6,"67,507",0,"1,284,974","282,560","1,620,396","14,762","16,206",206.7,41.3,206.7,41.3,2839,3401.4,2753.3,3295.7,2693.5,3231,0,733.2,9477,4675,5091,5051,377,25.2,,0,0,0,#DIV/0!,5051,#DIV/0!,#DIV/0!,37.5,277.1,6604,2529,5051,2523,2.6
Raag-25,15-W,1,7,"54,372",0,"981,009","697,468","1,720,626","14,814","16,165",232.3,33.9,232.3,33.9,2744,3410.2,2731.1,3394.6,2671.2,3333.6,0,0,0,4100,#DIV/0!,5042,942,0,,0,444.9,5790,4546,5042,497,11.7,0,0,0,1757,5042,3285,0
Raag-26,5-W,4,7,"40,072",0,"1,155,814","275,629","1,384,825","13,208","14,524",201.6,54.6,201.6,54.6,2784,3400,2755.9,3362.8,2693,3295,0,412.1,6029,4193,4480,5052,859,7,,0,0,6029,4193,5052,859,7,0,0,0,683,5052,4370,0
Raag-27,15-W,4,4,"30,560",0,"552,052","675,077","1,255,000","10,682","11,758",194.8,28.8,194.8,28.8,3134,3578.3,2987.3,3418.1,2924.4,3353.5,19.9,311.1,4369,4544,4906,5145,601,7.3,,134,281.7,5628,3311,5145,1834,3.1,0,0,0,#DIV/0!,5145,#DIV/0!,#DIV/0!
Raag-28,5-W,4,7,"40,324",0,"944,879","298,472","1,631,085","14,441","15,859",189.6,87.2,189.6,87.2,2742,3582.6,2713.8,3539.2,2650.9,3471.3,0,529,8537,3789,#DIV/0!,5036,1247,6.8,,0,0,0,#DIV/0!,5036,#DIV/0!,#DIV/0!,0,0,0,363,5036,4673,0
Raag-29,15-W,4,8,"7,645",0,"975,235","905,326","1,883,450","16,951","18,276",134.4,25.4,134.4,25.4,2804.2,3431,2727,3342.8,2664.1,3278.3,87.8,592.1,5259,#DIV/0!,3732,5041,#DIV/0!,#DIV/0!,,14.2,251.8,5018,#DIV/0!,5041,#DIV/0!,#DIV/0!,0,0,0,#DIV/0!,5041,#DIV/0!,#DIV/0!
Raag-30,15-W,4,7,0,0,"919,999","1,010,999","1,927,000","17,834","19,642",191.2,40,191.2,40,2877.5,3557,2713.2,3319.9,2650.3,3256,49.5,318.8,4337,4523,#DIV/0!,5035,512,8.5,,19,462.3,4980,4454,5035,582,8.6,0,0,0,#DIV/0!,5035,#DIV/0!,#DIV/0!
Raag-31,15-W,1,7,"35,773",0,"841,651","855,070","1,728,000","17,091","18,734",252.3,47.7,252.3,47.7,2877,3527,2837,3480.6,2777.1,3415.8,276.2,458.6,6468,3892,4438,5085,1192,5.4,,18.8,314.4,5655,3220,5085,1865,3,157.9,56.2,1106,391,5085,4694,0.2
Raag-32,15-W,1,6,"14,568",0,"624,236","755,557","1,390,400","14,097","15,426",141.4,24.6,141.4,24.6,2973.4,3549,2796.9,3318.7,2737.1,3254.4,182.9,380.1,6091,3746,4161,5069,1322,4.6,,14.2,352.9,5656,3743,5069,1325,4.3,0,72.9,1357,751,5069,4318,0.3
Raag-33,15-W,1,5,"8,915",0,"397,238","317,780","705,342","10,238","11,149",129.4,16.5,129.4,16.5,2937.5,3475,2882.6,3397.1,2822.8,3332.6,160.5,487.5,5653,3342,3689,5103,1761,3.2,,28.4,361.5,5858,3748,5103,1355,4.3,4.7,294.6,1452,2611,5103,2492,0.6
Raag-34,15-W,1,8,"35,868",0,"1,477,111","538,722","2,049,000","16,288","18,249",218.8,35.3,218.8,35.3,2837,3529,2740.8,3391.1,2680.9,3330.7,1,340.3,6006,4545,5047,5046,501,12,,198.2,512.3,15416,3547,5046,1499,10.3,60.8,342,4779,1398,5046,3649,1.3
Raag-35,5-W,1,7,"58,236",0,"1,004,546","251,180","1,303,306","13,494","14,643",95.1,11.4,91.9,11,2851,3483,2821.2,3453.2,2761.3,3388.3,178.1,313.4,7133,3902,#DIV/0!,5078,1176,6.1,,0,0,0,#DIV/0!,5078,#DIV/0!,#DIV/0!,0,0,0,488,5078,4591,0
Raag-36,15-W,1,10,"43,163",0,"1,313,670","424,361","1,774,000","16,952","19,362",192.9,29.3,192.9,29.3,2880,3458.6,2823.2,3388.3,2763.4,3327.3,57.7,518.3,5624,4356,4757,5079,723,7.8,,9.4,330.9,5318,3733,5079,1346,4,42.4,691.4,6447,3054,5079,2025,3.2
Raag-37,15-W,5,7,"55,000",0,"1,148,184","615,248","1,812,000","14,653","16,707",212,52.2,212,52.2,2924.3,3549.5,2812.9,3406.3,2753,3343.6,28.5,371.4,5804,4481,5035,5075,594,9.8,,262,377.1,6167,4057,5075,1018,6.1,0,336.7,6226,3076,5075,1999,3.1
Raag-38,15-W,4,6,0,0,"705,449","886,384","1,588,000","13,444","15,038",0,0,0,0,2799,3430,2719.3,3327.3,2656.4,3259.6,167.6,599.4,9254,3685,3996,5038,1353,6.8,,0,307.5,4078,4285,5038,753,5.4,0,0,0,#DIV/0!,5038,#DIV/0!,#DIV/0!
Raag-39,15-W,1,5,"37,934",0,"420,511","529,946","985,000","9,662","10,263",115.2,14.1,101.3,12.1,3070.4,3559,2956.7,3445.3,2896.8,3380.4,320.7,248.8,5394,3526,4076,5133,1607,3.4,,124.8,294.8,5046,3749,5133,1384,3.6,0,0,0,#DIV/0!,5133,#DIV/0!,#DIV/0!
Raag-40,42-W_South,8,6,0,0,"397,259","465,519","862,778","15,195","16,337",191.8,49.4,191.8,49.4,2982.4,3480.6,2964.6,3462.7,2908.7,3406.2,1082.1,487.5,2052,3039,3525,5136,2097,1,,0,0,0,#DIV/0!,5136,#DIV/0!,#DIV/0!,0,0,0,#DIV/0!,5136,#DIV/0!,#DIV/0!
Raag-41,42-W_South,8,7,0,0,"1,016,349","624,245","1,642,374","17,409","18,921",261.3,51.2,261.3,51.2,3114,3660.6,2938.4,3443.9,2882.5,3387.4,927.4,327.1,1163,2701,3178,5125,2425,0.5,,0,0,0,#DIV/0!,5125,#DIV/0!,#DIV/0!,0,0,0,#DIV/0!,5125,#DIV/0!,#DIV/0!
Raag-43,42-W_South,11,4,0,0,"670,815","271,305","942,363","10,482","11,360",145.7,14.2,145.7,14.2,3174.5,3632.6,3041.5,3499.6,2984.3,3441.8,292.2,0,161,4108,4713,5167,1059,0.2,,0,0,0,#DIV/0!,5167,#DIV/0!,#DIV/0!,0,0,0,#DIV/0!,5167,#DIV/0!,#DIV/0!
Raag-44,42-W_South,11,5,0,0,"812,764","551,542","1,364,306","13,582","14,798",184,39.6,184,39.6,3295,3703.5,3054.8,3463.3,2997.6,3405.5,705.1,507.5,4304,2133,2479,5172,3039,1.4,,0,0,0,#DIV/0!,5172,#DIV/0!,#DIV/0!,0,0,0,#DIV/0!,5172,#DIV/0!,#DIV/0!
Raag-45,42-W_North,1,8,0,0,"1,314,049","850,612","2,164,661","21,556","23,657",338.5,67.6,338.5,67.6,2965.2,3523,2825.1,3382.9,2764.4,3321.2,1000,300,3500,#DIV/0!,#DIV/0!,5080,2000,1.8,Bad PLT Data,0,0,0,#DIV/0!,5080,#DIV/0!,#DIV/0!,0,0,0,#DIV/0!,5080,#DIV/0!,#DIV/0!
Raag-46,42-W_North,1,7,0,0,"1,104,947","197,136","1,305,471","17,621","18,849",140.1,25.8,140.1,25.8,3242.8,3675.2,3017.7,3449.7,2957,3388.2,583.7,0,93,4306,#DIV/0!,5157,851,0.1,,0,0,0,#DIV/0!,5157,#DIV/0!,#DIV/0!,0,0,0,#DIV/0!,5157,#DIV/0!,#DIV/0!
Raag-47,42-W_North,1,5,0,0,"881,778","272,970","1,158,953","13,369","14,630",120.1,22.9,120.1,22.9,3273.8,3627.4,3086.7,3440.2,3026,3378.7,472,0,0,4467,#DIV/0!,5185,718,0,,0,0,0,#DIV/0!,5185,#DIV/0!,#DIV/0!,0,0,0,#DIV/0!,5185,#DIV/0!,#DIV/0!
Raag-48,42-W_North,1,6,0,0,"823,645","525,223","1,348,868","16,230","17,484",190.4,34.5,170.7,30.3,3199.5,3615.3,3027.9,3443.6,2967.2,3382.1,314.1,0,0,4450,5009,5161,712,0,,0,0,0,#DIV/0!,5161,#DIV/0!,#DIV/0!,0,0,0,#DIV/0!,5161,#DIV/0!,#DIV/0!
Raag-49,42-W_North,1,6,0,0,"907,604","306,536","1,217,287","15,823","16,928",135.2,22.2,135.2,22.2,3211.8,3610.2,3011.5,3409.9,2950.8,3348,880.7,83.1,1905,2554,#DIV/0!,5155,2600,0.7,,0,0,0,#DIV/0!,5155,#DIV/0!,#DIV/0!,0,0,0,#DIV/0!,5155,#DIV/0!,#DIV/0!
Raag-50,42-W_North,1,6,0,0,"906,083","407,028","1,316,904","17,042","18,270",144.2,16.4,144.2,16.4,3259,3730.6,2979.7,3436.4,2919,3374.2,714.5,0,0,4375,4965,5142,767,0,,0,0,0,#DIV/0!,5142,#DIV/0!,#DIV/0!,0,0,0,#DIV/0!,5142,#DIV/0!,#DIV/0!
Raag-51,42-W_North,4,9,0,0,"901,778","1,283,548","2,185,122","21,942","24,098",310.5,89.4,310.5,89.4,2797.5,3503,2715.4,3420.9,2654,3358.5,226.6,581,3674,3456,3835,5036,1580,2.3,,0,0,0,#DIV/0!,5036,#DIV/0!,#DIV/0!,0,0,0,#DIV/0!,5036,#DIV/0!,#DIV/0!
Raag-52z,42-W_North,4,7,0,0,"909,741","633,666","1,543,407","16,585","18,103",252.7,54.9,252.7,54.9,2879.2,3447.8,2731.6,3278.9,2670.2,3216.7,594,87,6369,2872,3201,5043,2171,2.9,,0,0,0,#DIV/0!,5043,#DIV/0!,#DIV/0!,0,0,0,#DIV/0!,5043,#DIV/0!,#DIV/0!
Raag-53,42-W_North,4,9,0,0,"1,335,449","810,874","2,146,323","21,696","23,934",323,36.2,323,36.2,2923.2,3656,2703.1,3435.8,2641.7,3373.4,632.9,317.4,5258,3204,3726,5031,1827,2.9,,0,0,0,#DIV/0!,5031,#DIV/0!,#DIV/0!,0,0,0,#DIV/0!,5031,#DIV/0!,#DIV/0!
Raag-54,42-W_South,8,6,0,0,"1,073,637","237,785","1,311,423","14,711","15,944",117,20.1,117,20.1,3042,3393.8,3027.1,3378.9,2970,3319,686.5,70,526,2582,#DIV/0!,5161,2579,0.2,,0,0,0,#DIV/0!,5161,#DIV/0!,#DIV/0!,0,0,0,#DIV/0!,5161,#DIV/0!,#DIV/0!
Raag-55,42-W_South,8,3,0,0,"641,708","287,403","929,111","7,957","8,824",86.1,12.8,86.1,12.8,3176.7,3347.2,3107.2,3277.7,3050.2,3219.5,0,0,0,#DIV/0!,#DIV/0!,5193,,#DIV/0!,No PLT due to high H2S,0,0,0,#DIV/0!,5193,#DIV/0!,#DIV/0!,0,0,0,#DIV/0!,5193,#DIV/0!,#DIV/0!
Raag-56,42-W_South,8,5,0,0,"834,240","448,745","1,282,985","12,506","13,700",127.2,11.1,127.2,11.1,3250.2,3602.5,3051.4,3370.9,2994.4,3312.4,0,0,0,#DIV/0!,#DIV/0!,5171,,#DIV/0!,No PLT due to high H2S,0,0,0,#DIV/0!,5171,#DIV/0!,#DIV/0!,0,0,0,#DIV/0!,5171,#DIV/0!,#DIV/0!
Raag-57,42-W_South,8,4,0,0,"732,979","257,373","990,352","9,899","10,825",91.3,11.9,91.3,11.9,3083.5,3427.8,2968.9,3295.5,2911.9,3237.7,635.7,0,3019,2067,#DIV/0!,5138,3070,1,,0,0,0,#DIV/0!,5138,#DIV/0!,#DIV/0!,0,0,0,#DIV/0!,5138,#DIV/0!,#DIV/0!
Raag-58,42-W_South,11,2,0,0,"345,693","199,321","545,014","5,979","6,486",42.8,9.9,42.8,9.9,3419.5,3547.8,3245,3373.3,3187.7,3315.2,0,0,0,#DIV/0!,#DIV/0!,5248,,#DIV/0!,No PLT due to high H2S,0,0,0,#DIV/0!,5248,#DIV/0!,#DIV/0!,0,0,0,#DIV/0!,5248,#DIV/0!,#DIV/0!
Raag-59,42-W_South,11,4,0,0,"571,011","261,867","832,878","9,000","9,776",60.8,9.7,60.8,9.7,3072.2,3341.2,3027.8,3296.8,2970.5,3238.9,0,0,0,#DIV/0!,#DIV/0!,5161,,#DIV/0!,No PLT due to high H2S,0,0,0,#DIV/0!,5161,#DIV/0!,#DIV/0!,0,0,0,#DIV/0!,5161,#DIV/0!,#DIV/0!
Raag-60,42-W_South,11,8,0,0,"1,258,165","705,517","1,964,717","20,869","22,701",162.9,44.2,162.9,44.2,2981.2,3398.8,2891.1,3308.6,2833.7,3250.5,1025.4,205.1,2086,2718,3109,5106,2389,0.9,,0,0,0,#DIV/0!,5106,#DIV/0!,#DIV/0!,0,0,0,#DIV/0!,5106,#DIV/0!,#DIV/0!
Raag-61,42-W_South,11,5,0,0,"877,032","421,191","1,298,223","14,017","15,227",81.7,11.6,81.7,11.6,3088,3361.5,3020.5,3294,2963.2,3235.7,523.7,0,490,2387,2628,5158,2771,0.2,,0,0,0,#DIV/0!,5158,#DIV/0!,#DIV/0!,0,0,0,#DIV/0!,5158,#DIV/0!,#DIV/0!
Raag-62,42-W_North,7,7,0,0,"1,285,652","836,512","2,123,263","19,100","21,069",241.8,54.8,241.8,54.8,3033,3544.3,2879.8,3391.1,2816,3327.3,700,350,2800,#DIV/0!,#DIV/0!,5102,2000,1.4,Bad PLT Data,0,0,0,#DIV/0!,5102,#DIV/0!,#DIV/0!,0,0,0,#DIV/0!,5102,#DIV/0!,#DIV/0!
Raag-63,42-W_North,7,8,0,0,"1,284,603","920,790","2,205,393","21,403","23,612",340.6,43.7,340.6,43.7,2658.2,3484,2610.6,3436.4,2544.6,3369.6,449,374.2,7419,3421,3856,4994,1573,4.7,,0,0,0,#DIV/0!,4994,#DIV/0!,#DIV/0!,0,0,0,#DIV/0!,4994,#DIV/0!,#DIV/0!
Raag-64,42-W_North,7,8,0,0,"1,234,864","1,304,848","2,541,573","22,600","25,128",598.5,48.5,598.5,48.5,2663,3535,2581.3,3453.3,2515.3,3386.5,445.2,649.9,6517,3964,4483,4983,1019,6.4,,0,0,0,#DIV/0!,4983,#DIV/0!,#DIV/0!,0,0,0,#DIV/0!,4983,#DIV/0!,#DIV/0!
Raag-65,42-W_North,7,8,0,0,"1,026,138","1,212,011","2,238,149","20,392","22,595",322.5,26.8,290.2,26.3,2742,3576,2570.6,3404.6,2504.6,3337.6,200,100,1000,#DIV/0!,#DIV/0!,4978,2000,0.5,Bad PLT Data,0,0,0,#DIV/0!,4978,#DIV/0!,#DIV/0!,0,0,0,#DIV/0!,4978,#DIV/0!,#DIV/0!
Raag-66z,42-W_North,7,8,0,0,"1,297,381","1,027,976","2,325,357","21,654","23,978",313.7,50.6,313.7,50.6,2756.2,3545.8,2660.7,3450.3,2596.9,3385.7,618.4,465.8,5086,3560,4038,5014,1454,3.5,,0,0,0,#DIV/0!,5014,#DIV/0!,#DIV/0!,0,0,0,#DIV/0!,5014,#DIV/0!,#DIV/0!
Raag-67,42-W_North,7,8,0,0,"937,880","925,882","1,863,762","20,264","22,265",245.4,25.4,245.4,25.4,2942.4,3655.6,2742.8,3454.3,2679,3388.9,609.1,225.9,5647,2842,3385,5047,2205,2.6,,0,0,0,#DIV/0!,5047,#DIV/0!,#DIV/0!,0,0,0,#DIV/0!,5047,#DIV/0!,#DIV/0!
Raag-68,42-W_North,5,7,0,0,"711,459","789,684","1,501,142","16,182","17,671",209.5,63.3,209.5,63.3,2964,3566.5,2834.2,3436.7,2774.4,3375.4,457,283.8,6923,3473,3859,5084,1611,4.3,,0,0,0,#DIV/0!,5084,#DIV/0!,#DIV/0!,0,0,0,#DIV/0!,5084,#DIV/0!,#DIV/0!
Raag-69,42-W_North,5,6,0,0,"1,012,522","462,738","1,475,260","12,788","16,904",193.4,38.5,193.4,38.5,3054.8,3384.3,2908.1,3237.6,2848.2,3177.1,286.6,333.2,5283,2101,#DIV/0!,5113,3012,1.8,,0,0,0,#DIV/0!,5113,#DIV/0!,#DIV/0!,0,0,0,#DIV/0!,5113,#DIV/0!,#DIV/0!
Raag-70,42-W_North,5,7,0,0,"867,982","660,920","1,528,904","16,820","18,349",193,23.3,193,23.3,3000.5,3503,2935.3,3437.8,2875.4,3376.4,1056.6,271.2,1300,2781,3249,5124,2344,0.6,,0,0,0,#DIV/0!,5124,#DIV/0!,#DIV/0!,0,0,0,#DIV/0!,5124,#DIV/0!,#DIV/0!
Raag-71,42-W_North,5,6,0,0,"1,063,999","373,938","1,437,937","17,248","18,708",196.2,33.5,196.2,33.5,2917.3,3532.6,2872.4,3487.7,2812.5,3427,743.9,277.8,3097,2418,#DIV/0!,5099,2681,1.2,,0,0,0,#DIV/0!,5099,#DIV/0!,#DIV/0!,0,0,0,#DIV/0!,5099,#DIV/0!,#DIV/0!
Raag-72,42-W_South,8,5,0,0,"1,220,732","928,927","2,149,659","19,583","21,572",0,0,0,0,3187,3912,3068.2,3792.6,3011.2,3732.6,0,0,0,#DIV/0!,#DIV/0!,5177,#DIV/0!,#DIV/0!,No PLT due to high H2S,0,0,0,#DIV/0!,5177,#DIV/0!,#DIV/0!,0,0,0,#DIV/0!,5177,#DIV/0!,#DIV/0!
Raag-73,42-W_South,11,6,0,0,"1,082,884","491,866","1,574,750","16,064","17,533",164.2,32.7,164.2,32.7,2993,3381.1,2906.1,3294.2,2848.7,3236.2,1185.5,337.8,4148,2606,2944,5112,2507,1.7,,0,0,0,#DIV/0!,5112,#DIV/0!,#DIV/0!,0,0,0,#DIV/0!,5112,#DIV/0!,#DIV/0!
Raag-74,42-W_South,11,5,0,0,"884,312","596,091","1,480,403","13,801","15,173",147.9,18.4,147.9,18.4,2989,3340.8,2965.6,3317.4,2908.3,3259.5,0,0,0,#DIV/0!,#DIV/0!,5136,,#DIV/0!,No PLT due to high H2S,0,0,0,#DIV/0!,5136,#DIV/0!,#DIV/0!,0,0,0,#DIV/0!,5136,#DIV/0!,#DIV/0!
Raag-75,42-W_North,7,8,0,0,"2,496,376","999,173","3,496,959","38,370","40,825",433.8,100.6,399,95,2713,4037.5,2628.6,3952.5,2562.8,3882.1,446.1,744,2377,3374,#DIV/0!,5001,1627,1.5,,0,0,0,#DIV/0!,5001,#DIV/0!,#DIV/0!,0,0,0,#DIV/0!,5001,#DIV/0!,#DIV/0!
Raag-76,42-W_South,9,3,0,0,"522,045","108,878","630,923","7,715","8,309",49,9.3,49,9.3,3329,3466,3295.9,3432.9,3232.1,3367.7,0,0,0,#DIV/0!,#DIV/0!,5268,#DIV/0!,#DIV/0!,No PLT due to high H2S,0,0,0,#DIV/0!,5268,#DIV/0!,#DIV/0!,0,0,0,#DIV/0!,5268,#DIV/0!,#DIV/0!
Raag-77,42-W_South,9,1,0,0,"150,854",0,"150,854","2,370","2,514",13.9,0,13.9,0,3382,3404.8,3374.6,3397.4,3310.8,3332.7,0,0,0,#DIV/0!,#DIV/0!,5300,#DIV/0!,#DIV/0!,No PLT due to high H2S,0,0,0,#DIV/0!,5300,#DIV/0!,#DIV/0!,0,0,0,#DIV/0!,5300,#DIV/0!,#DIV/0!
Raag-78,42-W_South,9,4,0,0,"623,453","131,264","754,717","9,169","9,878",43.2,6.1,43.2,6.1,3400,3593,3294.6,3487.5,3230.8,3422.9,0,0,0,#DIV/0!,#DIV/0!,5268,#DIV/0!,#DIV/0!,No PLT due to high H2S,0,0,0,#DIV/0!,5268,#DIV/0!,#DIV/0!,0,0,0,#DIV/0!,5268,#DIV/0!,#DIV/0!
Raag-79,42-W_South,9,4,0,0,"597,315","154,555","751,870","9,436","10,132",56.9,11.4,56.9,11.4,3286,3514.8,3159.3,3388.1,3095.5,3323.5,0,0,0,#DIV/0!,#DIV/0!,5214,#DIV/0!,#DIV/0!,No PLT due to high H2S,0,0,0,#DIV/0!,5214,#DIV/0!,#DIV/0!,0,0,0,#DIV/0!,5214,#DIV/0!,#DIV/0!
Raag-80,42-W_South,9,5,0,0,"765,669","230,435","996,104","11,664","12,593",121.7,23.3,121.7,23.3,3176,3534.8,3080,3438.8,3016.2,3374.4,0,0,0,#DIV/0!,#DIV/0!,5182,#DIV/0!,#DIV/0!,No PLT due to high H2S,0,0,0,#DIV/0!,5182,#DIV/0!,#DIV/0!,0,0,0,#DIV/0!,5182,#DIV/0!,#DIV/0!
Raag-81,42-W_South,9,4,0,0,"704,205","294,116","998,321","10,362","11,286",93.1,17.5,93.1,17.5,3304,3491,3206.9,3393.9,3143.1,3329.3,0,0,0,#DIV/0!,#DIV/0!,5233,#DIV/0!,#DIV/0!,No PLT due to high H2S,0,0,0,#DIV/0!,5233,#DIV/0!,#DIV/0!,0,0,0,#DIV/0!,5233,#DIV/0!,#DIV/0!
Raag-82,42-W_North,7,8,0,0,"1,499,020","1,008,825","2,507,845","23,214","25,479",266,94.6,266,94.6,2862,3543.8,2696.7,3378.5,2630.3,3311.3,0,0,0,#DIV/0!,#DIV/0!,5029,#DIV/0!,#DIV/0!,No PLT due to high H2S,0,0,0,#DIV/0!,5029,#DIV/0!,#DIV/0!,0,0,0,#DIV/0!,5029,#DIV/0!,#DIV/0!
Raag-83,27-Well,1,6,0,0,"1,160,345","596,408","1,756,753","17,152","19,143",247,22,247,22,3105,3546,2926,3367,2865.6,3305.1,994.5,169.3,3065,1967,2311,5120,3153,1,Only qualitative Data available,481.3,116.8,2059,#DIV/0!,5120,#DIV/0!,#DIV/0!,0,0,0,2812,5120,2309,0
Raag-84,27-Well,1,6,0,0,"1,281,369","783,497","2,064,866","18,788","20,705",214,49,214,49,2976,3589,2735,3348,2674.5,3286,346.4,243.9,4724,1963,2194,5044,3081,1.5,,0,0,0,#DIV/0!,5044,#DIV/0!,#DIV/0!,0,0,0,#DIV/0!,5044,#DIV/0!,#DIV/0!
Raag-85,27-Well,4,11,"41,672",0,"1,718,984","1,082,891","2,843,547","30,021","32,825",259,84,259,84,2832.3,3566.8,2745.3,3479.8,2680.9,3412.4,398.2,541.2,5176,3035,3477,5048,2013,2.6,PLT at 28 choke,0,0,0,#DIV/0!,5048,#DIV/0!,#DIV/0!,,,,,,,
Raag-86,27-Well,1,6,0,0,"1,086,072","426,307","1,512,379","16,058","17,470",118,22,118,22,2812,3413.2,2780,3381.2,2719.9,3320.1,627.8,153.3,1488,1693,2131,5062,3369,0.4,,0,0,0,#DIV/0!,5062,#DIV/0!,#DIV/0!,0,0,0,#DIV/0!,5062,#DIV/0!,#DIV/0!
Raag-87,27-Well,4,12,"41,666",0,"1,872,660","1,013,738","2,928,247","31,120","34,008",351,19,351,19,2770,3556,2720.7,3448.8,2657.8,3416,400.7,201.4,3741,2086,2441,5038,2952,1.3,,0,0,0,#DIV/0!,5038,#DIV/0!,#DIV/0!,0,0,0,#DIV/0!,5038,#DIV/0!,#DIV/0!
Raag-88,27-Well,4,6,"34,243",0,"1,042,618","535,585","1,612,446","16,525","18,201",193,22,193,22,2793.1,3435,2710,3341.7,2645.6,3275.5,19.7,367.9,4100,3021,#DIV/0!,5034,2013,2,,0,0,0,#DIV/0!,5034,#DIV/0!,#DIV/0!,0,0,0,#DIV/0!,5034,#DIV/0!,#DIV/0!
Raag-89,27-Well,5,6,"27,466",0,"973,519","586,837","1,587,822","17,148","18,669",216,30,216,30,2951,3503.2,2909.8,3451.4,2849.9,3390.2,57.4,369.8,6185,2752,#DIV/0!,5114,2362,2.6,,0,0,0,#DIV/0!,5114,#DIV/0!,#DIV/0!,0,0,0,#DIV/0!,5114,#DIV/0!,#DIV/0!
Raag-90,27-Well,4,7,"37,543",0,"1,242,585","897,512","2,177,640","21,172","23,417",233,50,233,50,3098.8,3635,2843.2,3366,2778.7,3298.5,179.1,191.7,4893,2497,2829,5087,2591,1.9,,0,0,0,#DIV/0!,5087,#DIV/0!,#DIV/0!,0,0,0,#DIV/0!,5087,#DIV/0!,#DIV/0!
Raag-91,27-Well,5,5,"30,967",0,"849,239","570,027","1,450,233","15,404","16,889",175,35,175,35,2970,3519,2849,3398,2788.8,3337.2,113,0,3,3173,3789,5090,1917,0,,0,0,0,#DIV/0!,5090,#DIV/0!,#DIV/0!,0,0,0,#DIV/0!,5090,#DIV/0!,#DIV/0!
Raag-92,27-Well,5,7,"24,869",0,"975,055","612,915","1,612,839","17,312","18,938",230,38,230,38,2860,3392.9,2786,3318.9,2726.6,3259,124,261,4159,2279,2509,5064,2785,1.5,,0,0,0,#DIV/0!,5064,#DIV/0!,#DIV/0!,0,0,0,#DIV/0!,5064,#DIV/0!,#DIV/0!
Raag-93,27-Well,5,9,"40,914",0,"1,451,052","994,457","2,486,423","25,196","27,767",317,56,317,56,3096.5,3755.8,2805.5,3464.8,2745.2,3403.7,0,0,0,#DIV/0!,#DIV/0!,5072,#DIV/0!,#DIV/0!,,0,0,0,#DIV/0!,5072,#DIV/0!,#DIV/0!,0,0,0,#DIV/0!,5072,#DIV/0!,#DIV/0!
Raag-95,27-Well,5,7,"28,447",0,"1,093,498","581,542","1,703,487","18,319","20,126",237,45,237,45,3139,3674,2929,3457,2870.6,3391.5,140.1,374.1,5555,2468,2766,5122,2654,2.1,,0,0,0,#DIV/0!,5122,#DIV/0!,#DIV/0!,0,0,0,#DIV/0!,5122,#DIV/0!,#DIV/0!
Raag-94,27-Well,7,9,"48,909",0,"1,432,154","883,952","2,365,015","25,794","28,218",311,45,311,45,2716,3584,2672.2,3527.2,2605.4,3459.4,0,0,0,#DIV/0!,#DIV/0!,5019,#DIV/0!,#DIV/0!,,0,0,0,#DIV/0!,5019,#DIV/0!,#DIV/0!,0,0,0,#DIV/0!,5019,#DIV/0!,#DIV/0!
Raag-96,27-Well,7,7,"42,882",0,"1,068,475","692,148","1,803,505","19,729","21,803",216,28,216,28,2722,3359.5,2699.9,3330,2633.1,3262.2,242,432.1,6799,3077,3309,5030,1953,3.5,,0,0,0,#DIV/0!,5030,#DIV/0!,#DIV/0!,0,0,0,#DIV/0!,5030,#DIV/0!,#DIV/0!
Raag-98,27-Well,7,9,"27,896",0,"1,469,962","907,568","2,405,426","24,246","26,634",298,55,298,55,2688,3584.8,2642,3526.4,2575.2,3458.8,669.6,845.6,5378,3376,4064,5007,1631,3.3,,0,0,0,#DIV/0!,5007,#DIV/0!,#DIV/0!,0,0,0,#DIV/0!,5007,#DIV/0!,#DIV/0!
Raag-100,27-Well,7,9,"37,321",0,"1,543,082","987,341","2,567,743","27,010","29,389",344,65,344,65,2723.8,3537.4,2702.2,3515.8,2635.4,3447.6,159.3,498.8,3598,3345,3839,5031,1686,2.1,,0,0,0,#DIV/0!,5031,#DIV/0!,#DIV/0!,0,0,0,#DIV/0!,5031,#DIV/0!,#DIV/0!
Raag-102,27-Well,7,10,"46,535",0,"1,374,438","862,637","2,283,610","25,095","27,193",355,43,355,43,2830,3695,2664.1,3529.1,2597.3,3460.3,0,0,0,#DIV/0!,#DIV/0!,5016,#DIV/0!,#DIV/0!,,0,0,0,#DIV/0!,5016,#DIV/0!,#DIV/0!,0,0,0,#DIV/0!,5016,#DIV/0!,#DIV/0!
Raag-97,27-Well,2,8,"25,398","25,785","1,358,022","813,590","2,222,791","24,966","27,122",304.7,56.2,304.7,56.2,3016.5,3770,2714.4,3467.9,2655.2,3402.7,0,0,0,#DIV/0!,#DIV/0!,5036,#DIV/0!,#DIV/0!,,0,0,0,#DIV/0!,5036,#DIV/0!,#DIV/0!,0,0,0,#DIV/0!,5036,#DIV/0!,#DIV/0!
Raag-99,27-Well,2,8,"24,873","25,406","1,262,021","930,077","2,242,379","23,457","25,780",328.9,45.8,328.9,45.8,2972.5,3744,2819.8,3486.5,2760.6,3424.9,0,0,0,#DIV/0!,#DIV/0!,5078,#DIV/0!,#DIV/0!,,0,0,0,#DIV/0!,5078,#DIV/0!,#DIV/0!,0,0,0,#DIV/0!,5078,#DIV/0!,#DIV/0!
Raag-101,27-Well,2,6,"16,001","15,206","855,671","455,108","1,341,988","14,502","15,927",228.8,26.3,198.8,19.9,2970.8,3549,2870.7,3405.9,2811.6,3345.8,0,0,0,#DIV/0!,#DIV/0!,5098,#DIV/0!,#DIV/0!,,0,0,0,#DIV/0!,5098,#DIV/0!,#DIV/0!,0,0,0,#DIV/0!,5098,#DIV/0!,#DIV/0!
Raag-103,27-Well,2,6,"19,943","19,704","1,050,890","608,723","1,699,260","19,673","21,331",229.4,42.1,229.4,42.1,3162.4,3625,2888.2,3350.8,2829,3288.6,0,0,0,#DIV/0!,#DIV/0!,5105,#DIV/0!,#DIV/0!,,0,0,0,#DIV/0!,5105,#DIV/0!,#DIV/0!,0,0,0,#DIV/0!,5105,#DIV/0!,#DIV/0!
Raag-104,27-Well,2,8,"28,519","24,659","1,343,025","802,349","2,198,551","24,432","26,441",319.5,131.9,319.5,131.9,2997,3704,2804.4,3511.1,2745.2,3446,0,0,0,#DIV/0!,#DIV/0!,5072,#DIV/0!,#DIV/0!,,0,0,0,#DIV/0!,5072,#DIV/0!,#DIV/0!,0,0,0,#DIV/0!,5072,#DIV/0!,#DIV/0!
